1	tübingen attractions
2	food and drinks
3	university of tübingen
4	tübingen museums
5	tübingen hotels
6	tübingen public transport
7	student life tübingen
8	tübingen hiking
9	tübingen events
10	tübingen ai research
11	punting tours on the Neckar
12	residence registration for international students tübingen
13	Hölderlinturm opening hours
14	wheelchair accessible attractions tübingen
15	swimming lakes near tübingen
16	tübingen restaurants
17	university of tübingen application
18	tübingen train station
19	tübingen nightlife
20	tübingen parking
